index,timestamp,source,mean_cmi,min_cmi,max_cmi,cold_fraction_240k,std_cmi
0,2026-05-05 18:01 UTC,OR_ABI-L2-CMIPC-M6C13_G19_s20261251801177_e20261251803562_c20261251804024.nc,279.4101867675781,204.5991668701172,326.33819580078125,0.0682976323289413,21.196189880371094
1,2026-05-05 18:06 UTC,OR_ABI-L2-CMIPC-M6C13_G19_s20261251806177_e20261251808563_c20261251809026.nc,279.4122314453125,202.69412231445312,326.7069091796875,0.068280348284302,21.211647033691406
2,2026-05-05 18:11 UTC,OR_ABI-L2-CMIPC-M6C13_G19_s20261251811177_e20261251813562_c20261251814023.nc,279.408203125,203.43154907226562,327.07562255859375,0.06814855744392745,21.217777252197266
3,2026-05-05 18:16 UTC,OR_ABI-L2-CMIPC-M6C13_G19_s20261251816177_e20261251818562_c20261251819014.nc,279.4110107421875,206.38131713867188,327.19854736328125,0.0679875997782241,21.23051643371582
4,2026-05-05 18:21 UTC,OR_ABI-L2-CMIPC-M6C13_G19_s20261251821177_e20261251823563_c20261251824028.nc,279.4126892089844,202.3253936767578,327.7516174316406,0.06777370972581294,21.236961364746094
5,2026-05-05 18:26 UTC,OR_ABI-L2-CMIPC-M6C13_G19_s20261251826177_e20261251828562_c20261251829017.nc,279.4083251953125,204.844970703125,328.05889892578125,0.0676365176214886,21.245071411132812
6,2026-05-05 18:31 UTC,OR_ABI-L2-CMIPC-M6C13_G19_s20261251831177_e20261251833562_c20261251834011.nc,279.4095458984375,203.30865478515625,328.2432556152344,0.06755684897822939,21.246931076049805
7,2026-05-05 18:36 UTC,OR_ABI-L2-CMIPC-M6C13_G19_s20261251836177_e20261251838562_c20261251839019.nc,279.406005859375,205.39805603027344,328.6734313964844,0.06759573807866778,21.251243591308594
8,2026-05-05 18:41 UTC,OR_ABI-L2-CMIPC-M6C13_G19_s20261251841177_e20261251843562_c20261251844013.nc,279.40069580078125,204.1689910888672,328.79632568359375,0.06748204147252498,21.251102447509766
9,2026-05-05 18:46 UTC,OR_ABI-L2-CMIPC-M6C13_G19_s20261251846177_e20261251848562_c20261251849033.nc,279.3929443359375,205.09078979492188,328.8577880859375,0.06744153199290166,21.25579833984375
10,2026-05-05 18:51 UTC,OR_ABI-L2-CMIPC-M6C13_G19_s20261251851177_e20261251853562_c20261251854015.nc,279.3818054199219,204.5991668701172,329.10357666015625,0.06740345308205573,21.25774574279785
11,2026-05-05 18:56 UTC,OR_ABI-L2-CMIPC-M6C13_G19_s20261251856177_e20261251858562_c20261251859007.nc,279.368408203125,202.14102172851562,329.10357666015625,0.06744180205609915,21.263654708862305
12,2026-05-05 19:01 UTC,OR_ABI-L2-CMIPC-M6C13_G19_s20261251901177_e20261251903562_c20261251904014.nc,279.3577880859375,202.3253936767578,329.3493957519531,0.06750202614913917,21.267213821411133
13,2026-05-05 19:06 UTC,OR_ABI-L2-CMIPC-M6C13_G19_s20261251906177_e20261251908562_c20261251909018.nc,279.34033203125,202.44830322265625,329.59521484375,0.06747474976619279,21.27596092224121
14,2026-05-05 19:11 UTC,OR_ABI-L2-CMIPC-M6C13_G19_s20261251911177_e20261251913562_c20261251914010.nc,279.3254699707031,201.34213256835938,329.65667724609375,0.06747474976619279,21.279705047607422
15,2026-05-05 19:16 UTC,OR_ABI-L2-CMIPC-M6C13_G19_s20261251916177_e20261251918562_c20261251919031.nc,279.3039855957031,204.47625732421875,329.59521484375,0.06753335348004787,21.290922164916992
16,2026-05-05 19:21 UTC,OR_ABI-L2-CMIPC-M6C13_G19_s20261251921177_e20261251923562_c20261251924026.nc,279.28826904296875,202.69412231445312,329.7181091308594,0.06754415600794741,21.29736328125
17,2026-05-05 19:26 UTC,OR_ABI-L2-CMIPC-M6C13_G19_s20261251926177_e20261251928563_c20261251929028.nc,279.2696533203125,203.06283569335938,329.7795715332031,0.0676076208593573,21.305593490600586
18,2026-05-05 19:31 UTC,OR_ABI-L2-CMIPC-M6C13_G19_s20261251931177_e20261251933562_c20261251934028.nc,279.250732421875,199.99017333984375,329.9024963378906,0.06770484361045329,21.31151008605957
19,2026-05-05 19:36 UTC,OR_ABI-L2-CMIPC-M6C13_G19_s20261251936177_e20261251938562_c20261251939035.nc,279.2232971191406,198.3923797607422,329.96392822265625,0.06786553121295914,21.3199520111084
20,2026-05-05 19:41 UTC,OR_ABI-L2-CMIPC-M6C13_G19_s20261251941177_e20261251943562_c20261251944013.nc,279.1979675292969,204.23043823242188,329.7795715332031,0.06787714393045116,21.322114944458008
21,2026-05-05 19:46 UTC,OR_ABI-L2-CMIPC-M6C13_G19_s20261251946177_e20261251948563_c20261251949004.nc,279.1666259765625,204.04608154296875,329.7795715332031,0.0681088581538966,21.327259063720703
22,2026-05-05 19:51 UTC,OR_ABI-L2-CMIPC-M6C13_G19_s20261251951177_e20261251953562_c20261251954021.nc,279.141357421875,203.6773681640625,329.7795715332031,0.06829304125458399,21.32904052734375
23,2026-05-05 19:56 UTC,OR_ABI-L2-CMIPC-M6C13_G19_s20261251956177_e20261251958562_c20261251959016.nc,279.109375,203.55445861816406,329.59521484375,0.06853636819552143,21.331642150878906
24,2026-05-05 20:01 UTC,OR_ABI-L2-CMIPC-M6C13_G19_s20261252001177_e20261252003563_c20261252004026.nc,279.0810546875,200.97341918945312,329.53375244140625,0.06853393762674403,21.32787322998047
25,2026-05-05 20:06 UTC,OR_ABI-L2-CMIPC-M6C13_G19_s20261252006177_e20261252008562_c20261252009004.nc,279.0514221191406,202.01812744140625,329.22650146484375,0.06853933889069382,21.327917098999023
26,2026-05-05 20:11 UTC,OR_ABI-L2-CMIPC-M6C13_G19_s20261252011177_e20261252013562_c20261252014010.nc,279.0185241699219,202.20248413085938,329.1650390625,0.06866464821432863,21.326807022094727
27,2026-05-05 20:16 UTC,OR_ABI-L2-CMIPC-M6C13_G19_s20261252016177_e20261252018563_c20261252019039.nc,278.9844665527344,199.55999755859375,329.10357666015625,0.06887340706598752,21.330413818359375
28,2026-05-05 20:21 UTC,OR_ABI-L2-CMIPC-M6C13_G19_s20261252021177_e20261252023562_c20261252024023.nc,278.95172119140625,201.58795166015625,328.8577880859375,0.0690384156796532,21.330320358276367
29,2026-05-05 20:26 UTC,OR_ABI-L2-CMIPC-M6C13_G19_s20261252026177_e20261252028562_c20261252029028.nc,278.9181213378906,202.69412231445312,328.6119689941406,0.0693263030481763,21.33109474182129
30,2026-05-05 20:31 UTC,OR_ABI-L2-CMIPC-M6C13_G19_s20261252031177_e20261252033562_c20261252034031.nc,278.88543701171875,202.69412231445312,328.6734313964844,0.06942865700002458,21.33012580871582
31,2026-05-05 20:36 UTC,OR_ABI-L2-CMIPC-M6C13_G19_s20261252036177_e20261252038563_c20261252039011.nc,278.85003662109375,202.8170166015625,328.1203308105469,0.06965740052829762,21.330726623535156
32,2026-05-05 20:41 UTC,OR_ABI-L2-CMIPC-M6C13_G19_s20261252041177_e20261252043562_c20261252044029.nc,278.8177795410156,202.8170166015625,328.36614990234375,0.06973166790760706,21.324342727661133
33,2026-05-05 20:46 UTC,OR_ABI-L2-CMIPC-M6C13_G19_s20261252046177_e20261252048562_c20261252049011.nc,278.7846984863281,202.14102172851562,328.1817932128906,0.06988506380378072,21.319604873657227
34,2026-05-05 20:51 UTC,OR_ABI-L2-CMIPC-M6C13_G19_s20261252051177_e20261252053563_c20261252054012.nc,278.7480773925781,202.01812744140625,327.3214416503906,0.06987480140227614,21.312686920166016
35,2026-05-05 20:56 UTC,OR_ABI-L2-CMIPC-M6C13_G19_s20261252056177_e20261252058562_c20261252059007.nc,278.7108154296875,205.76678466796875,327.19854736328125,0.07006033481895098,21.305692672729492
